{
  "version": "tree-0.1",
  "tree": {
    "id": "App",
    "path": "",
    "children": {
      "Tree": {
        "id": "Tree",
        "path": "Tree",
        "constructInfo": {
          "fqn": "@aws-cdk/core.Construct",
          "version": "1.114.0"
        }
      },
      "LoadBalancerStack": {
        "id": "LoadBalancerStack",
        "path": "LoadBalancerStack",
        "children": {
          "VPC": {
            "id": "VPC",
            "path": "LoadBalancerStack/VPC",
            "children": {
              "Resource": {
                "id": "Resource",
                "path": "LoadBalancerStack/VPC/Resource",
                "attributes": {
                  "aws:cdk:cloudformation:type": "AWS::EC2::VPC",
                  "aws:cdk:cloudformation:props": {
                    "cidrBlock": "10.0.0.0/16",
                    "enableDnsHostnames": true,
                    "enableDnsSupport": true,
                    "instanceTenancy": "default",
                    "tags": [
                      {
                        "key": "Name",
                        "value": "LoadBalancerStack/VPC"
                      }
                    ]
                  }
                },
                "constructInfo": {
                  "fqn": "@aws-cdk/aws-ec2.CfnVPC",
                  "version": "1.114.0"
                }
              },
              "PublicSubnet1": {
                "id": "PublicSubnet1",
                "path": "LoadBalancerStack/VPC/PublicSubnet1",
                "children": {
                  "Subnet": {
                    "id": "Subnet",
                    "path": "LoadBalancerStack/VPC/PublicSubnet1/Subnet",
                    "attributes": {
                      "aws:cdk:cloudformation:type": "AWS::EC2::Subnet",
                      "aws:cdk:cloudformation:props": {
                        "cidrBlock": "10.0.0.0/18",
                        "vpcId": {
                          "Ref": "VPCB9E5F0B4"
                        },
                        "availabilityZone": {
                          "Fn::Select": [
                            0,
                            {
                              "Fn::GetAZs": ""
                            }
                          ]
                        },
                        "mapPublicIpOnLaunch": true,
                        "tags": [
                          {
                            "key": "aws-cdk:subnet-name",
                            "value": "Public"
                          },
                          {
                            "key": "aws-cdk:subnet-type",
                            "value": "Public"
                          },
                          {
                            "key": "Name",
                            "value": "LoadBalancerStack/VPC/PublicSubnet1"
                          }
                        ]
                      }
                    },
                    "constructInfo": {
                      "fqn": "@aws-cdk/aws-ec2.CfnSubnet",
                      "version": "1.114.0"
                    }
                  },
                  "Acl": {
                    "id": "Acl",
                    "path": "LoadBalancerStack/VPC/PublicSubnet1/Acl",
                    "constructInfo": {
                      "fqn": "@aws-cdk/core.Resource",
                      "version": "1.114.0"
                    }
                  },
                  "RouteTable": {
                    "id": "RouteTable",
                    "path": "LoadBalancerStack/VPC/PublicSubnet1/RouteTable",
                    "attributes": {
                      "aws:cdk:cloudformation:type": "AWS::EC2::RouteTable",
                      "aws:cdk:cloudformation:props": {
                        "vpcId": {
                          "Ref": "VPCB9E5F0B4"
                        },
                        "tags": [
                          {
                            "key": "Name",
                            "value": "LoadBalancerStack/VPC/PublicSubnet1"
                          }
                        ]
                      }
                    },
                    "constructInfo": {
                      "fqn": "@aws-cdk/aws-ec2.CfnRouteTable",
                      "version": "1.114.0"
                    }
                  },
                  "RouteTableAssociation": {
                    "id": "RouteTableAssociation",
                    "path": "LoadBalancerStack/VPC/PublicSubnet1/RouteTableAssociation",
                    "attributes": {
                      "aws:cdk:cloudformation:type": "AWS::EC2::SubnetRouteTableAssociation",
                      "aws:cdk:cloudformation:props": {
                        "routeTableId": {
                          "Ref": "VPCPublicSubnet1RouteTableFEE4B781"
                        },
                        "subnetId": {
                          "Ref": "VPCPublicSubnet1SubnetB4246D30"
                        }
                      }
                    },
                    "constructInfo": {
                      "fqn": "@aws-cdk/aws-ec2.CfnSubnetRouteTableAssociation",
                      "version": "1.114.0"
                    }
                  },
                  "DefaultRoute": {
                    "id": "DefaultRoute",
                    "path": "LoadBalancerStack/VPC/PublicSubnet1/DefaultRoute",
                    "attributes": {
                      "aws:cdk:cloudformation:type": "AWS::EC2::Route",
                      "aws:cdk:cloudformation:props": {
                        "routeTableId": {
                          "Ref": "VPCPublicSubnet1RouteTableFEE4B781"
                        },
                        "destinationCidrBlock": "0.0.0.0/0",
                        "gatewayId": {
                          "Ref": "VPCIGWB7E252D3"
                        }
                      }
                    },
                    "constructInfo": {
                      "fqn": "@aws-cdk/aws-ec2.CfnRoute",
                      "version": "1.114.0"
                    }
                  },
                  "EIP": {
                    "id": "EIP",
                    "path": "LoadBalancerStack/VPC/PublicSubnet1/EIP",
                    "attributes": {
                      "aws:cdk:cloudformation:type": "AWS::EC2::EIP",
                      "aws:cdk:cloudformation:props": {
                        "domain": "vpc",
                        "tags": [
                          {
                            "key": "Name",
                            "value": "LoadBalancerStack/VPC/PublicSubnet1"
                          }
                        ]
                      }
                    },
                    "constructInfo": {
                      "fqn": "@aws-cdk/aws-ec2.CfnEIP",
                      "version": "1.114.0"
                    }
                  },
                  "NATGateway": {
                    "id": "NATGateway",
                    "path": "LoadBalancerStack/VPC/PublicSubnet1/NATGateway",
                    "attributes": {
                      "aws:cdk:cloudformation:type": "AWS::EC2::NatGateway",
                      "aws:cdk:cloudformation:props": {
                        "subnetId": {
                          "Ref": "VPCPublicSubnet1SubnetB4246D30"
                        },
                        "allocationId": {
                          "Fn::GetAtt": [
                            "VPCPublicSubnet1EIP6AD938E8",
                            "AllocationId"
                          ]
                        },
                        "tags": [
                          {
                            "key": "Name",
                            "value": "LoadBalancerStack/VPC/PublicSubnet1"
                          }
                        ]
                      }
                    },
                    "constructInfo": {
                      "fqn": "@aws-cdk/aws-ec2.CfnNatGateway",
                      "version": "1.114.0"
                    }
                  }
                },
                "constructInfo": {
                  "fqn": "@aws-cdk/aws-ec2.PublicSubnet",
                  "version": "1.114.0"
                }
              },
              "PublicSubnet2": {
                "id": "PublicSubnet2",
                "path": "LoadBalancerStack/VPC/PublicSubnet2",
                "children": {
                  "Subnet": {
                    "id": "Subnet",
                    "path": "LoadBalancerStack/VPC/PublicSubnet2/Subnet",
                    "attributes": {
                      "aws:cdk:cloudformation:type": "AWS::EC2::Subnet",
                      "aws:cdk:cloudformation:props": {
                        "cidrBlock": "10.0.64.0/18",
                        "vpcId": {
                          "Ref": "VPCB9E5F0B4"
                        },
                        "availabilityZone": {
                          "Fn::Select": [
                            1,
                            {
                              "Fn::GetAZs": ""
                            }
                          ]
                        },
                        "mapPublicIpOnLaunch": true,
                        "tags": [
                          {
                            "key": "aws-cdk:subnet-name",
                            "value": "Public"
                          },
                          {
                            "key": "aws-cdk:subnet-type",
                            "value": "Public"
                          },
                          {
                            "key": "Name",
                            "value": "LoadBalancerStack/VPC/PublicSubnet2"
                          }
                        ]
                      }
                    },
                    "constructInfo": {
                      "fqn": "@aws-cdk/aws-ec2.CfnSubnet",
                      "version": "1.114.0"
                    }
                  },
                  "Acl": {
                    "id": "Acl",
                    "path": "LoadBalancerStack/VPC/PublicSubnet2/Acl",
                    "constructInfo": {
                      "fqn": "@aws-cdk/core.Resource",
                      "version": "1.114.0"
                    }
                  },
                  "RouteTable": {
                    "id": "RouteTable",
                    "path": "LoadBalancerStack/VPC/PublicSubnet2/RouteTable",
                    "attributes": {
                      "aws:cdk:cloudformation:type": "AWS::EC2::RouteTable",
                      "aws:cdk:cloudformation:props": {
                        "vpcId": {
                          "Ref": "VPCB9E5F0B4"
                        },
                        "tags": [
                          {
                            "key": "Name",
                            "value": "LoadBalancerStack/VPC/PublicSubnet2"
                          }
                        ]
                      }
                    },
                    "constructInfo": {
                      "fqn": "@aws-cdk/aws-ec2.CfnRouteTable",
                      "version": "1.114.0"
                    }
                  },
                  "RouteTableAssociation": {
                    "id": "RouteTableAssociation",
                    "path": "LoadBalancerStack/VPC/PublicSubnet2/RouteTableAssociation",
                    "attributes": {
                      "aws:cdk:cloudformation:type": "AWS::EC2::SubnetRouteTableAssociation",
                      "aws:cdk:cloudformation:props": {
                        "routeTableId": {
                          "Ref": "VPCPublicSubnet2RouteTable6F1A15F1"
                        },
                        "subnetId": {
                          "Ref": "VPCPublicSubnet2Subnet74179F39"
                        }
                      }
                    },
                    "constructInfo": {
                      "fqn": "@aws-cdk/aws-ec2.CfnSubnetRouteTableAssociation",
                      "version": "1.114.0"
                    }
                  },
                  "DefaultRoute": {
                    "id": "DefaultRoute",
                    "path": "LoadBalancerStack/VPC/PublicSubnet2/DefaultRoute",
                    "attributes": {
                      "aws:cdk:cloudformation:type": "AWS::EC2::Route",
                      "aws:cdk:cloudformation:props": {
                        "routeTableId": {
                          "Ref": "VPCPublicSubnet2RouteTable6F1A15F1"
                        },
                        "destinationCidrBlock": "0.0.0.0/0",
                        "gatewayId": {
                          "Ref": "VPCIGWB7E252D3"
                        }
                      }
                    },
                    "constructInfo": {
                      "fqn": "@aws-cdk/aws-ec2.CfnRoute",
                      "version": "1.114.0"
                    }
                  },
                  "EIP": {
                    "id": "EIP",
                    "path": "LoadBalancerStack/VPC/PublicSubnet2/EIP",
                    "attributes": {
                      "aws:cdk:cloudformation:type": "AWS::EC2::EIP",
                      "aws:cdk:cloudformation:props": {
                        "domain": "vpc",
                        "tags": [
                          {
                            "key": "Name",
                            "value": "LoadBalancerStack/VPC/PublicSubnet2"
                          }
                        ]
                      }
                    },
                    "constructInfo": {
                      "fqn": "@aws-cdk/aws-ec2.CfnEIP",
                      "version": "1.114.0"
                    }
                  },
                  "NATGateway": {
                    "id": "NATGateway",
                    "path": "LoadBalancerStack/VPC/PublicSubnet2/NATGateway",
                    "attributes": {
                      "aws:cdk:cloudformation:type": "AWS::EC2::NatGateway",
                      "aws:cdk:cloudformation:props": {
                        "subnetId": {
                          "Ref": "VPCPublicSubnet2Subnet74179F39"
                        },
                        "allocationId": {
                          "Fn::GetAtt": [
                            "VPCPublicSubnet2EIP4947BC00",
                            "AllocationId"
                          ]
                        },
                        "tags": [
                          {
                            "key": "Name",
                            "value": "LoadBalancerStack/VPC/PublicSubnet2"
                          }
                        ]
                      }
                    },
                    "constructInfo": {
                      "fqn": "@aws-cdk/aws-ec2.CfnNatGateway",
                      "version": "1.114.0"
                    }
                  }
                },
                "constructInfo": {
                  "fqn": "@aws-cdk/aws-ec2.PublicSubnet",
                  "version": "1.114.0"
                }
              },
              "PrivateSubnet1": {
                "id": "PrivateSubnet1",
                "path": "LoadBalancerStack/VPC/PrivateSubnet1",
                "children": {
                  "Subnet": {
                    "id": "Subnet",
                    "path": "LoadBalancerStack/VPC/PrivateSubnet1/Subnet",
                    "attributes": {
                      "aws:cdk:cloudformation:type": "AWS::EC2::Subnet",
                      "aws:cdk:cloudformation:props": {
                        "cidrBlock": "10.0.128.0/18",
                        "vpcId": {
                          "Ref": "VPCB9E5F0B4"
                        },
                        "availabilityZone": {
                          "Fn::Select": [
                            0,
                            {
                              "Fn::GetAZs": ""
                            }
                          ]
                        },
                        "mapPublicIpOnLaunch": false,
                        "tags": [
                          {
                            "key": "aws-cdk:subnet-name",
                            "value": "Private"
                          },
                          {
                            "key": "aws-cdk:subnet-type",
                            "value": "Private"
                          },
                          {
                            "key": "Name",
                            "value": "LoadBalancerStack/VPC/PrivateSubnet1"
                          }
                        ]
                      }
                    },
                    "constructInfo": {
                      "fqn": "@aws-cdk/aws-ec2.CfnSubnet",
                      "version": "1.114.0"
                    }
                  },
                  "Acl": {
                    "id": "Acl",
                    "path": "LoadBalancerStack/VPC/PrivateSubnet1/Acl",
                    "constructInfo": {
                      "fqn": "@aws-cdk/core.Resource",
                      "version": "1.114.0"
                    }
                  },
                  "RouteTable": {
                    "id": "RouteTable",
                    "path": "LoadBalancerStack/VPC/PrivateSubnet1/RouteTable",
                    "attributes": {
                      "aws:cdk:cloudformation:type": "AWS::EC2::RouteTable",
                      "aws:cdk:cloudformation:props": {
                        "vpcId": {
                          "Ref": "VPCB9E5F0B4"
                        },
                        "tags": [
                          {
                            "key": "Name",
                            "value": "LoadBalancerStack/VPC/PrivateSubnet1"
                          }
                        ]
                      }
                    },
                    "constructInfo": {
                      "fqn": "@aws-cdk/aws-ec2.CfnRouteTable",
                      "version": "1.114.0"
                    }
                  },
                  "RouteTableAssociation": {
                    "id": "RouteTableAssociation",
                    "path": "LoadBalancerStack/VPC/PrivateSubnet1/RouteTableAssociation",
                    "attributes": {
                      "aws:cdk:cloudformation:type": "AWS::EC2::SubnetRouteTableAssociation",
                      "aws:cdk:cloudformation:props": {
                        "routeTableId": {
                          "Ref": "VPCPrivateSubnet1RouteTableBE8A6027"
                        },
                        "subnetId": {
                          "Ref": "VPCPrivateSubnet1Subnet8BCA10E0"
                        }
                      }
                    },
                    "constructInfo": {
                      "fqn": "@aws-cdk/aws-ec2.CfnSubnetRouteTableAssociation",
                      "version": "1.114.0"
                    }
                  },
                  "DefaultRoute": {
                    "id": "DefaultRoute",
                    "path": "LoadBalancerStack/VPC/PrivateSubnet1/DefaultRoute",
                    "attributes": {
                      "aws:cdk:cloudformation:type": "AWS::EC2::Route",
                      "aws:cdk:cloudformation:props": {
                        "routeTableId": {
                          "Ref": "VPCPrivateSubnet1RouteTableBE8A6027"
                        },
                        "destinationCidrBlock": "0.0.0.0/0",
                        "natGatewayId": {
                          "Ref": "VPCPublicSubnet1NATGatewayE0556630"
                        }
                      }
                    },
                    "constructInfo": {
                      "fqn": "@aws-cdk/aws-ec2.CfnRoute",
                      "version": "1.114.0"
                    }
                  }
                },
                "constructInfo": {
                  "fqn": "@aws-cdk/aws-ec2.PrivateSubnet",
                  "version": "1.114.0"
                }
              },
              "PrivateSubnet2": {
                "id": "PrivateSubnet2",
                "path": "LoadBalancerStack/VPC/PrivateSubnet2",
                "children": {
                  "Subnet": {
                    "id": "Subnet",
                    "path": "LoadBalancerStack/VPC/PrivateSubnet2/Subnet",
                    "attributes": {
                      "aws:cdk:cloudformation:type": "AWS::EC2::Subnet",
                      "aws:cdk:cloudformation:props": {
                        "cidrBlock": "10.0.192.0/18",
                        "vpcId": {
                          "Ref": "VPCB9E5F0B4"
                        },
                        "availabilityZone": {
                          "Fn::Select": [
                            1,
                            {
                              "Fn::GetAZs": ""
                            }
                          ]
                        },
                        "mapPublicIpOnLaunch": false,
                        "tags": [
                          {
                            "key": "aws-cdk:subnet-name",
                            "value": "Private"
                          },
                          {
                            "key": "aws-cdk:subnet-type",
                            "value": "Private"
                          },
                          {
                            "key": "Name",
                            "value": "LoadBalancerStack/VPC/PrivateSubnet2"
                          }
                        ]
                      }
                    },
                    "constructInfo": {
                      "fqn": "@aws-cdk/aws-ec2.CfnSubnet",
                      "version": "1.114.0"
                    }
                  },
                  "Acl": {
                    "id": "Acl",
                    "path": "LoadBalancerStack/VPC/PrivateSubnet2/Acl",
                    "constructInfo": {
                      "fqn": "@aws-cdk/core.Resource",
                      "version": "1.114.0"
                    }
                  },
                  "RouteTable": {
                    "id": "RouteTable",
                    "path": "LoadBalancerStack/VPC/PrivateSubnet2/RouteTable",
                    "attributes": {
                      "aws:cdk:cloudformation:type": "AWS::EC2::RouteTable",
                      "aws:cdk:cloudformation:props": {
                        "vpcId": {
                          "Ref": "VPCB9E5F0B4"
                        },
                        "tags": [
                          {
                            "key": "Name",
                            "value": "LoadBalancerStack/VPC/PrivateSubnet2"
                          }
                        ]
                      }
                    },
                    "constructInfo": {
                      "fqn": "@aws-cdk/aws-ec2.CfnRouteTable",
                      "version": "1.114.0"
                    }
                  },
                  "RouteTableAssociation": {
                    "id": "RouteTableAssociation",
                    "path": "LoadBalancerStack/VPC/PrivateSubnet2/RouteTableAssociation",
                    "attributes": {
                      "aws:cdk:cloudformation:type": "AWS::EC2::SubnetRouteTableAssociation",
                      "aws:cdk:cloudformation:props": {
                        "routeTableId": {
                          "Ref": "VPCPrivateSubnet2RouteTable0A19E10E"
                        },
                        "subnetId": {
                          "Ref": "VPCPrivateSubnet2SubnetCFCDAA7A"
                        }
                      }
                    },
                    "constructInfo": {
                      "fqn": "@aws-cdk/aws-ec2.CfnSubnetRouteTableAssociation",
                      "version": "1.114.0"
                    }
                  },
                  "DefaultRoute": {
                    "id": "DefaultRoute",
                    "path": "LoadBalancerStack/VPC/PrivateSubnet2/DefaultRoute",
                    "attributes": {
                      "aws:cdk:cloudformation:type": "AWS::EC2::Route",
                      "aws:cdk:cloudformation:props": {
                        "routeTableId": {
                          "Ref": "VPCPrivateSubnet2RouteTable0A19E10E"
                        },
                        "destinationCidrBlock": "0.0.0.0/0",
                        "natGatewayId": {
                          "Ref": "VPCPublicSubnet2NATGateway3C070193"
                        }
                      }
                    },
                    "constructInfo": {
                      "fqn": "@aws-cdk/aws-ec2.CfnRoute",
                      "version": "1.114.0"
                    }
                  }
                },
                "constructInfo": {
                  "fqn": "@aws-cdk/aws-ec2.PrivateSubnet",
                  "version": "1.114.0"
                }
              },
              "IGW": {
                "id": "IGW",
                "path": "LoadBalancerStack/VPC/IGW",
                "attributes": {
                  "aws:cdk:cloudformation:type": "AWS::EC2::InternetGateway",
                  "aws:cdk:cloudformation:props": {
                    "tags": [
                      {
                        "key": "Name",
                        "value": "LoadBalancerStack/VPC"
                      }
                    ]
                  }
                },
                "constructInfo": {
                  "fqn": "@aws-cdk/aws-ec2.CfnInternetGateway",
                  "version": "1.114.0"
                }
              },
              "VPCGW": {
                "id": "VPCGW",
                "path": "LoadBalancerStack/VPC/VPCGW",
                "attributes": {
                  "aws:cdk:cloudformation:type": "AWS::EC2::VPCGatewayAttachment",
                  "aws:cdk:cloudformation:props": {
                    "vpcId": {
                      "Ref": "VPCB9E5F0B4"
                    },
                    "internetGatewayId": {
                      "Ref": "VPCIGWB7E252D3"
                    }
                  }
                },
                "constructInfo": {
                  "fqn": "@aws-cdk/aws-ec2.CfnVPCGatewayAttachment",
                  "version": "1.114.0"
                }
              }
            },
            "constructInfo": {
              "fqn": "@aws-cdk/aws-ec2.Vpc",
              "version": "1.114.0"
            }
          },
          "ASG": {
            "id": "ASG",
            "path": "LoadBalancerStack/ASG",
            "children": {
              "InstanceSecurityGroup": {
                "id": "InstanceSecurityGroup",
                "path": "LoadBalancerStack/ASG/InstanceSecurityGroup",
                "children": {
                  "Resource": {
                    "id": "Resource",
                    "path": "LoadBalancerStack/ASG/InstanceSecurityGroup/Resource",
                    "attributes": {
                      "aws:cdk:cloudformation:type": "AWS::EC2::SecurityGroup",
                      "aws:cdk:cloudformation:props": {
                        "groupDescription": "LoadBalancerStack/ASG/InstanceSecurityGroup",
                        "securityGroupEgress": [
                          {
                            "cidrIp": "0.0.0.0/0",
                            "description": "Allow all outbound traffic by default",
                            "ipProtocol": "-1"
                          }
                        ],
                        "tags": [
                          {
                            "key": "Name",
                            "value": "LoadBalancerStack/ASG"
                          }
                        ],
                        "vpcId": {
                          "Ref": "VPCB9E5F0B4"
                        }
                      }
                    },
                    "constructInfo": {
                      "fqn": "@aws-cdk/aws-ec2.CfnSecurityGroup",
                      "version": "1.114.0"
                    }
                  },
                  "from LoadBalancerStackLBSecurityGroupB71A4BA8:80": {
                    "id": "from LoadBalancerStackLBSecurityGroupB71A4BA8:80",
                    "path": "LoadBalancerStack/ASG/InstanceSecurityGroup/from LoadBalancerStackLBSecurityGroupB71A4BA8:80",
                    "attributes": {
                      "aws:cdk:cloudformation:type": "AWS::EC2::SecurityGroupIngress",
                      "aws:cdk:cloudformation:props": {
                        "ipProtocol": "tcp",
                        "description": "Load balancer to target",
                        "fromPort": 80,
                        "groupId": {
                          "Fn::GetAtt": [
                            "ASGInstanceSecurityGroup0525485D",
                            "GroupId"
                          ]
                        },
                        "sourceSecurityGroupId": {
                          "Fn::GetAtt": [
                            "LBSecurityGroup8A41EA2B",
                            "GroupId"
                          ]
                        },
                        "toPort": 80
                      }
                    },
                    "constructInfo": {
                      "fqn": "@aws-cdk/aws-ec2.CfnSecurityGroupIngress",
                      "version": "1.114.0"
                    }
                  }
                },
                "constructInfo": {
                  "fqn": "@aws-cdk/aws-ec2.SecurityGroup",
                  "version": "1.114.0"
                }
              },
              "InstanceRole": {
                "id": "InstanceRole",
                "path": "LoadBalancerStack/ASG/InstanceRole",
                "children": {
                  "Resource": {
                    "id": "Resource",
                    "path": "LoadBalancerStack/ASG/InstanceRole/Resource",
                    "attributes": {
                      "aws:cdk:cloudformation:type": "AWS::IAM::Role",
                      "aws:cdk:cloudformation:props": {
                        "assumeRolePolicyDocument": {
                          "Statement": [
                            {
                              "Action": "sts:AssumeRole",
                              "Effect": "Allow",
                              "Principal": {
                                "Service": {
                                  "Fn::Join": [
                                    "",
                                    [
                                      "ec2.",
                                      {
                                        "Ref": "AWS::URLSuffix"
                                      }
                                    ]
                                  ]
                                }
                              }
                            }
                          ],
                          "Version": "2012-10-17"
                        },
                        "tags": [
                          {
                            "key": "Name",
                            "value": "LoadBalancerStack/ASG"
                          }
                        ]
                      }
                    },
                    "constructInfo": {
                      "fqn": "@aws-cdk/aws-iam.CfnRole",
                      "version": "1.114.0"
                    }
                  }
                },
                "constructInfo": {
                  "fqn": "@aws-cdk/aws-iam.Role",
                  "version": "1.114.0"
                }
              },
              "InstanceProfile": {
                "id": "InstanceProfile",
                "path": "LoadBalancerStack/ASG/InstanceProfile",
                "attributes": {
                  "aws:cdk:cloudformation:type": "AWS::IAM::InstanceProfile",
                  "aws:cdk:cloudformation:props": {
                    "roles": [
                      {
                        "Ref": "ASGInstanceRoleE263A41B"
                      }
                    ]
                  }
                },
                "constructInfo": {
                  "fqn": "@aws-cdk/aws-iam.CfnInstanceProfile",
                  "version": "1.114.0"
                }
              },
              "LaunchConfig": {
                "id": "LaunchConfig",
                "path": "LoadBalancerStack/ASG/LaunchConfig",
                "attributes": {
                  "aws:cdk:cloudformation:type": "AWS::AutoScaling::LaunchConfiguration",
                  "aws:cdk:cloudformation:props": {
                    "imageId": {
                      "Ref": "SsmParameterValueawsserviceamiamazonlinuxlatestamzn2amihvmx8664gp2C96584B6F00A464EAD1953AFF4B05118Parameter"
                    },
                    "instanceType": "t2.micro",
                    "iamInstanceProfile": {
                      "Ref": "ASGInstanceProfile0A2834D7"
                    },
                    "securityGroups": [
                      {
                        "Fn::GetAtt": [
                          "ASGInstanceSecurityGroup0525485D",
                          "GroupId"
                        ]
                      }
                    ],
                    "userData": {
                      "Fn::Base64": "#!/bin/bash\n#!/bin/sh\n\n#install httpd\nyum install httpd -y\n\n#enable and start httpd\nsystemctl enable httpd\nsystemctl start httpd\necho \"<html><head><title> Example Web Server</title></head>\" >  /var/www/html/index.html\necho \"<body>\" >>  /var/www/html/index.html\necho \"<div><center><h2>Welcome AWS $(hostname -f) </h2>\" >>  /var/www/html/index.html\necho \"<hr/>\" >>  /var/www/html/index.html\ncurl http://169.254.169.254/latest/meta-data/instance-id >> /var/www/html/index.html\necho \"</center></div></body></html>\" >>  /var/www/html/index.html\n"
                    }
                  }
                },
                "constructInfo": {
                  "fqn": "@aws-cdk/aws-autoscaling.CfnLaunchConfiguration",
                  "version": "1.114.0"
                }
              },
              "ASG": {
                "id": "ASG",
                "path": "LoadBalancerStack/ASG/ASG",
                "attributes": {
                  "aws:cdk:cloudformation:type": "AWS::AutoScaling::AutoScalingGroup",
                  "aws:cdk:cloudformation:props": {
                    "maxSize": "1",
                    "minSize": "1",
                    "launchConfigurationName": {
                      "Ref": "ASGLaunchConfigC00AF12B"
                    },
                    "tags": [
                      {
                        "key": "Name",
                        "value": "LoadBalancerStack/ASG",
                        "propagateAtLaunch": true
                      }
                    ],
                    "targetGroupArns": [
                      {
                        "Ref": "LBListenerTargetGroupF04FCF6D"
                      }
                    ],
                    "vpcZoneIdentifier": [
                      {
                        "Ref": "VPCPrivateSubnet1Subnet8BCA10E0"
                      },
                      {
                        "Ref": "VPCPrivateSubnet2SubnetCFCDAA7A"
                      }
                    ]
                  }
                },
                "constructInfo": {
                  "fqn": "@aws-cdk/aws-autoscaling.CfnAutoScalingGroup",
                  "version": "1.114.0"
                }
              },
              "ScalingPolicyAModestLoad": {
                "id": "ScalingPolicyAModestLoad",
                "path": "LoadBalancerStack/ASG/ScalingPolicyAModestLoad",
                "children": {
                  "Resource": {
                    "id": "Resource",
                    "path": "LoadBalancerStack/ASG/ScalingPolicyAModestLoad/Resource",
                    "attributes": {
                      "aws:cdk:cloudformation:type": "AWS::AutoScaling::ScalingPolicy",
                      "aws:cdk:cloudformation:props": {
                        "autoScalingGroupName": {
                          "Ref": "ASG46ED3070"
                        },
                        "policyType": "TargetTrackingScaling",
                        "targetTrackingConfiguration": {
                          "predefinedMetricSpecification": {
                            "predefinedMetricType": "ALBRequestCountPerTarget",
                            "resourceLabel": {
                              "Fn::Join": [
                                "",
                                [
                                  {
                                    "Fn::Select": [
                                      1,
                                      {
                                        "Fn::Split": [
                                          "/",
                                          {
                                            "Ref": "LBListener49E825B4"
                                          }
                                        ]
                                      }
                                    ]
                                  },
                                  "/",
                                  {
                                    "Fn::Select": [
                                      2,
                                      {
                                        "Fn::Split": [
                                          "/",
                                          {
                                            "Ref": "LBListener49E825B4"
                                          }
                                        ]
                                      }
                                    ]
                                  },
                                  "/",
                                  {
                                    "Fn::Select": [
                                      3,
                                      {
                                        "Fn::Split": [
                                          "/",
                                          {
                                            "Ref": "LBListener49E825B4"
                                          }
                                        ]
                                      }
                                    ]
                                  },
                                  "/",
                                  {
                                    "Fn::GetAtt": [
                                      "LBListenerTargetGroupF04FCF6D",
                                      "TargetGroupFullName"
                                    ]
                                  }
                                ]
                              ]
                            }
                          },
                          "targetValue": 60
                        }
                      }
                    },
                    "constructInfo": {
                      "fqn": "@aws-cdk/aws-autoscaling.CfnScalingPolicy",
                      "version": "1.114.0"
                    }
                  }
                },
                "constructInfo": {
                  "fqn": "@aws-cdk/aws-autoscaling.TargetTrackingScalingPolicy",
                  "version": "1.114.0"
                }
              }
            },
            "constructInfo": {
              "fqn": "@aws-cdk/aws-autoscaling.AutoScalingGroup",
              "version": "1.114.0"
            }
          },
          "SsmParameterValue:--aws--service--ami-amazon-linux-latest--amzn2-ami-hvm-x86_64-gp2:C96584B6-F00A-464E-AD19-53AFF4B05118.Parameter": {
            "id": "SsmParameterValue:--aws--service--ami-amazon-linux-latest--amzn2-ami-hvm-x86_64-gp2:C96584B6-F00A-464E-AD19-53AFF4B05118.Parameter",
            "path": "LoadBalancerStack/SsmParameterValue:--aws--service--ami-amazon-linux-latest--amzn2-ami-hvm-x86_64-gp2:C96584B6-F00A-464E-AD19-53AFF4B05118.Parameter",
            "constructInfo": {
              "fqn": "@aws-cdk/core.CfnParameter",
              "version": "1.114.0"
            }
          },
          "SsmParameterValue:--aws--service--ami-amazon-linux-latest--amzn2-ami-hvm-x86_64-gp2:C96584B6-F00A-464E-AD19-53AFF4B05118": {
            "id": "SsmParameterValue:--aws--service--ami-amazon-linux-latest--amzn2-ami-hvm-x86_64-gp2:C96584B6-F00A-464E-AD19-53AFF4B05118",
            "path": "LoadBalancerStack/SsmParameterValue:--aws--service--ami-amazon-linux-latest--amzn2-ami-hvm-x86_64-gp2:C96584B6-F00A-464E-AD19-53AFF4B05118",
            "constructInfo": {
              "fqn": "@aws-cdk/core.Resource",
              "version": "1.114.0"
            }
          },
          "LB": {
            "id": "LB",
            "path": "LoadBalancerStack/LB",
            "children": {
              "Resource": {
                "id": "Resource",
                "path": "LoadBalancerStack/LB/Resource",
                "attributes": {
                  "aws:cdk:cloudformation:type": "AWS::ElasticLoadBalancingV2::LoadBalancer",
                  "aws:cdk:cloudformation:props": {
                    "loadBalancerAttributes": [
                      {
                        "key": "deletion_protection.enabled",
                        "value": "false"
                      }
                    ],
                    "scheme": "internet-facing",
                    "securityGroups": [
                      {
                        "Fn::GetAtt": [
                          "LBSecurityGroup8A41EA2B",
                          "GroupId"
                        ]
                      }
                    ],
                    "subnets": [
                      {
                        "Ref": "VPCPublicSubnet1SubnetB4246D30"
                      },
                      {
                        "Ref": "VPCPublicSubnet2Subnet74179F39"
                      }
                    ],
                    "type": "application"
                  }
                },
                "constructInfo": {
                  "fqn": "@aws-cdk/aws-elasticloadbalancingv2.CfnLoadBalancer",
                  "version": "1.114.0"
                }
              },
              "SecurityGroup": {
                "id": "SecurityGroup",
                "path": "LoadBalancerStack/LB/SecurityGroup",
                "children": {
                  "Resource": {
                    "id": "Resource",
                    "path": "LoadBalancerStack/LB/SecurityGroup/Resource",
                    "attributes": {
                      "aws:cdk:cloudformation:type": "AWS::EC2::SecurityGroup",
                      "aws:cdk:cloudformation:props": {
                        "groupDescription": "Automatically created Security Group for ELB LoadBalancerStackLBBC778B9A",
                        "securityGroupIngress": [
                          {
                            "cidrIp": "0.0.0.0/0",
                            "ipProtocol": "tcp",
                            "fromPort": 80,
                            "toPort": 80,
                            "description": "Allow from anyone on port 80"
                          }
                        ],
                        "vpcId": {
                          "Ref": "VPCB9E5F0B4"
                        }
                      }
                    },
                    "constructInfo": {
                      "fqn": "@aws-cdk/aws-ec2.CfnSecurityGroup",
                      "version": "1.114.0"
                    }
                  },
                  "to LoadBalancerStackASGInstanceSecurityGroupB0050A17:80": {
                    "id": "to LoadBalancerStackASGInstanceSecurityGroupB0050A17:80",
                    "path": "LoadBalancerStack/LB/SecurityGroup/to LoadBalancerStackASGInstanceSecurityGroupB0050A17:80",
                    "attributes": {
                      "aws:cdk:cloudformation:type": "AWS::EC2::SecurityGroupEgress",
                      "aws:cdk:cloudformation:props": {
                        "groupId": {
                          "Fn::GetAtt": [
                            "LBSecurityGroup8A41EA2B",
                            "GroupId"
                          ]
                        },
                        "ipProtocol": "tcp",
                        "description": "Load balancer to target",
                        "destinationSecurityGroupId": {
                          "Fn::GetAtt": [
                            "ASGInstanceSecurityGroup0525485D",
                            "GroupId"
                          ]
                        },
                        "fromPort": 80,
                        "toPort": 80
                      }
                    },
                    "constructInfo": {
                      "fqn": "@aws-cdk/aws-ec2.CfnSecurityGroupEgress",
                      "version": "1.114.0"
                    }
                  }
                },
                "constructInfo": {
                  "fqn": "@aws-cdk/aws-ec2.SecurityGroup",
                  "version": "1.114.0"
                }
              },
              "Listener": {
                "id": "Listener",
                "path": "LoadBalancerStack/LB/Listener",
                "children": {
                  "Resource": {
                    "id": "Resource",
                    "path": "LoadBalancerStack/LB/Listener/Resource",
                    "attributes": {
                      "aws:cdk:cloudformation:type": "AWS::ElasticLoadBalancingV2::Listener",
                      "aws:cdk:cloudformation:props": {
                        "defaultActions": [
                          {
                            "type": "forward",
                            "targetGroupArn": {
                              "Ref": "LBListenerTargetGroupF04FCF6D"
                            }
                          }
                        ],
                        "loadBalancerArn": {
                          "Ref": "LB8A12904C"
                        },
                        "port": 80,
                        "protocol": "HTTP"
                      }
                    },
                    "constructInfo": {
                      "fqn": "@aws-cdk/aws-elasticloadbalancingv2.CfnListener",
                      "version": "1.114.0"
                    }
                  },
                  "TargetGroup": {
                    "id": "TargetGroup",
                    "path": "LoadBalancerStack/LB/Listener/TargetGroup",
                    "children": {
                      "Resource": {
                        "id": "Resource",
                        "path": "LoadBalancerStack/LB/Listener/TargetGroup/Resource",
                        "attributes": {
                          "aws:cdk:cloudformation:type": "AWS::ElasticLoadBalancingV2::TargetGroup",
                          "aws:cdk:cloudformation:props": {
                            "port": 80,
                            "protocol": "HTTP",
                            "targetType": "instance",
                            "vpcId": {
                              "Ref": "VPCB9E5F0B4"
                            }
                          }
                        },
                        "constructInfo": {
                          "fqn": "@aws-cdk/aws-elasticloadbalancingv2.CfnTargetGroup",
                          "version": "1.114.0"
                        }
                      }
                    },
                    "constructInfo": {
                      "fqn": "@aws-cdk/aws-elasticloadbalancingv2.ApplicationTargetGroup",
                      "version": "1.114.0"
                    }
                  }
                },
                "constructInfo": {
                  "fqn": "@aws-cdk/aws-elasticloadbalancingv2.ApplicationListener",
                  "version": "1.114.0"
                }
              }
            },
            "constructInfo": {
              "fqn": "@aws-cdk/aws-elasticloadbalancingv2.ApplicationLoadBalancer",
              "version": "1.114.0"
            }
          },
          "LoadBalancer": {
            "id": "LoadBalancer",
            "path": "LoadBalancerStack/LoadBalancer",
            "constructInfo": {
              "fqn": "@aws-cdk/core.CfnOutput",
              "version": "1.114.0"
            }
          },
          "CDKMetadata": {
            "id": "CDKMetadata",
            "path": "LoadBalancerStack/CDKMetadata",
            "children": {
              "Default": {
                "id": "Default",
                "path": "LoadBalancerStack/CDKMetadata/Default",
                "constructInfo": {
                  "fqn": "@aws-cdk/core.CfnResource",
                  "version": "1.114.0"
                }
              },
              "Condition": {
                "id": "Condition",
                "path": "LoadBalancerStack/CDKMetadata/Condition",
                "constructInfo": {
                  "fqn": "@aws-cdk/core.CfnCondition",
                  "version": "1.114.0"
                }
              }
            },
            "constructInfo": {
              "fqn": "@aws-cdk/core.Construct",
              "version": "1.114.0"
            }
          }
        },
        "constructInfo": {
          "fqn": "@aws-cdk/core.Stack",
          "version": "1.114.0"
        }
      }
    },
    "constructInfo": {
      "fqn": "@aws-cdk/core.App",
      "version": "1.114.0"
    }
  }
}